"parent_item_category_uid","parent_item_category_id","parent_item_category_desc","item_category_uid","item_category_id","item_category_desc"
"1","ROOT","Root Category","54","MASSAGE","Massage Products"
"36","ANAL","Anal","264","ANAL_BESTSELLERS","Best Sellers"
"36","ANAL","Anal","265","ANAL_KITS","Kits"
"36","ANAL","Anal","266","ANAL_PLUGSANDPROBES","Plugs and Probes"
"36","ANAL","Anal","267","ANAL_PROSTATE","Prostate"
"37","BACHELOR","Bachelor","268","BACHELOR_BESTSELLERS","Best Sellers"
"37","BACHELOR","Bachelor","269","BACHELOR_BUTTONS","Buttons"
"37","BACHELOR","Bachelor","270","BACHELOR_GAMES","Games"
"37","BACHELOR","Bachelor","271","BACHELOR_GLASSES","Glasses"
"37","BACHELOR","Bachelor","272","BACHELOR_OTHER","Other"
"37","BACHELOR","Bachelor","273","BACHELOR_TSHIRTS","T Shirts"
"38","BACHELORETTE","Bachelorette","274","BACHELORETTE_BESTSELLERS","Best Sellers"
"38","BACHELORETTE","Bachelorette","275","BACHELORETTE_CLOTHING","Clothing"
"38","BACHELORETTE","Bachelorette","276","BACHELORETTE_GAMES","Games"
"38","BACHELORETTE","Bachelorette","277","BACHELORETTE_GIFTBAGS","Gift Bags"
"38","BACHELORETTE","Bachelorette","278","BACHELORETTE_PARTY","Party"
"39","BEDBATH","Bed and Bath","279","BEDBATH_BATH","Bath"
"39","BEDBATH","Bed and Bath","280","BEDBATH_BESTSELLERS","Best Sellers"
"39","BEDBATH","Bed and Bath","281","BEDBATH_BODYDUST","Body Dust"
"39","BEDBATH","Bed and Bath","282","BEDBATH_BODYLOTION","Body Lotion"
"39","BEDBATH","Bed and Bath","283","BEDBATH_CANDLES","Candles"
"39","BEDBATH","Bed and Bath","284","BEDBATH_ROMANTIC","Romantic"
"40","BOOKS","Books","285","BOOKS_BESTSELLERS","Best Sellers"
"40","BOOKS","Books","286","BOOKS_EROTICMASSAGE","Erotic Massage"
"40","BOOKS","Books","287","BOOKS_GAMES","Games"
"40","BOOKS","Books","288","BOOKS_GUIDES","Guides"
"40","BOOKS","Books","289","BOOKS_KAMASUTRA","Kama Sutra"
"43","CONDOMS","Condoms","290","CONDOMS_BESTSELLERS","Best Sellers"
"43","CONDOMS","Condoms","291","CONDOMS_EXTENDED","Extended"
"43","CONDOMS","Condoms","292","CONDOMS_FLAVORED","Flavored"
"43","CONDOMS","Condoms","293","CONDOMS_GLOW","Glow in the Dark"
"43","CONDOMS","Condoms","294","CONDOMS_LARGER","Larger"
"43","CONDOMS","Condoms","295","CONDOMS_NOVELTY","Novelty"
"43","CONDOMS","Condoms","296","CONDOMS_REGULAR","Regular"
"43","CONDOMS","Condoms","297","CONDOMS_RIBBED","Ribbed/Twisted/Studded"
"43","CONDOMS","Condoms","298","CONDOMS_SENSITIVE","Sensitive"
"43","CONDOMS","Condoms","299","CONDOMS_SPERMICIDAL","Spermicidal"
"43","CONDOMS","Condoms","300","CONDOMS_ULTRATHIN","Ultrathin/Microthin"
"43","CONDOMS","Condoms","301","CONDOMS_WARMING","Warming"
"44","DONGS","Dongs","302","DONGS_BESTSELLERS","Best Sellers"
"44","DONGS","Dongs","303","DONGS_CLITSTIM","Clit Stimulating"
"44","DONGS","Dongs","304","DONGS_CYBERSKIN","Cyberskin"
"44","DONGS","Dongs","305","DONGS_DOUBLE","Double"
"44","DONGS","Dongs","306","DONGS_DOUBLEPENETRATOR","Double Penetrator"
"44","DONGS","Dongs","307","DONGS_GLASS","Glass"
"44","DONGS","Dongs","308","DONGS_JELLY","Jelly"
"44","DONGS","Dongs","309","DONGS_PORNSTAR","Porn Star"
"44","DONGS","Dongs","310","DONGS_REALISTIC","Realistic"
"45","DVD","DVD","311","DVD_BESTSELLERS","Best Sellers"
"45","DVD","DVD","312","DVD_GUIDES","Guides"
"45","DVD","DVD","313","DVD_MASSAGE","Massage"
"45","DVD","DVD","314","DVD_STRIP","Strip"
"45","DVD","DVD","315","DVD_TECHNIQUES","Techniques"
"46","EDIBLES","Edibles","316","EDIBLES_BESTSELLERS","Best Sellers"
"46","EDIBLES","Edibles","317","EDIBLES_BODYTOPPING","Body Topping"
"46","EDIBLES","Edibles","318","EDIBLES_CANDY","Candy"
"46","EDIBLES","Edibles","319","EDIBLES_CHOCOLATE","Chocolate"
"46","EDIBLES","Edibles","320","EDIBLES_FOOD","Food"
"46","EDIBLES","Edibles","321","EDIBLES_UNDERWEAR","Underwear"
"47","ENHANCERSFORMEN","Enhancers for Men","322","ENHANCERSFORMEN_BESTSELLERS","Best Sellers"
"47","ENHANCERSFORMEN","Enhancers for Men","323","ENHANCERSFORMEN_DESENSITIZERS","Desensitizers"
"47","ENHANCERSFORMEN","Enhancers for Men","324","ENHANCERSFORMEN_PILLS","Pills"
"47","ENHANCERSFORMEN","Enhancers for Men","325","ENHANCERSFORMEN_POTIONS","Potions"
"47","ENHANCERSFORMEN","Enhancers for Men","326","ENHANCERSFORMEN_STIMULATING","Stimulating"
"48","ENHANCERSFORWOMEN","Enhancers for Women","327","ENHANCERSFORWOMEN_BESTSELLERS","Best Sellers"
"48","ENHANCERSFORWOMEN","Enhancers for Women","328","ENHANCERSFORWOMEN_PILLS","Pills"
"48","ENHANCERSFORWOMEN","Enhancers for Women","329","ENHANCERSFORWOMEN_POTIONS","Potions"
"48","ENHANCERSFORWOMEN","Enhancers for Women","330","ENHANCERSFORWOMEN_TIGHTENING","Tightening"
"49","FETISH","Fetish","331","FETISH_BALLGAGS","Ball Gags"
"49","FETISH","Fetish","332","FETISH_BESTSELLERS","Best Sellers"
"49","FETISH","Fetish","333","FETISH_BLINDFOLDS","Blind Folds"
"49","FETISH","Fetish","334","FETISH_CLIPSANDCLAMPS","Clips and Clamps"
"49","FETISH","Fetish","335","FETISH_COLLARS","Collars"
"49","FETISH","Fetish","336","FETISH_CROPS","Crops"
"49","FETISH","Fetish","337","FETISH_FEATHERS","Feathers"
"49","FETISH","Fetish","338","FETISH_GAMES","Games"
"49","FETISH","Fetish","339","FETISH_JEWELRY","Jewelry"
"49","FETISH","Fetish","340","FETISH_KITS","Kits"
"49","FETISH","Fetish","341","FETISH_PADDLES","Paddles"
"49","FETISH","Fetish","342","FETISH_RESTRAINTS","Restraints"
"50","GAMES","Games","343","GAMES_BESTSELLERS","Best Sellers"
"50","GAMES","Games","344","GAMES_BOARDGAMES","Board"
"50","GAMES","Games","345","GAMES_CARD","Card"
"50","GAMES","Games","346","GAMES_DICE","Dice"
"50","GAMES","Games","347","GAMES_DRINKING","Drinking"
"50","GAMES","Games","348","GAMES_RINGTOSS","Ring Toss"
"50","GAMES","Games","349","GAMES_SCRATCHOFF","Scratch Off"
"50","GAMES","Games","350","GAMES_SMOKING","Smoking"
"50","GAMES","Games","351","GAMES_SPINNERS","Spinners"
"51","KITCHENBARWARE","Kitchen and Barware","352","KITCHENBARWARE_BESTSELLERS","Best Sellers"
"51","KITCHENBARWARE","Kitchen and Barware","353","KITCHENBARWARE_CAKE","Cake"
"51","KITCHENBARWARE","Kitchen and Barware","354","KITCHENBARWARE_CANDLES","Candles"
"51","KITCHENBARWARE","Kitchen and Barware","355","KITCHENBARWARE_GLASSES","Glasses"
"51","KITCHENBARWARE","Kitchen and Barware","356","KITCHENBARWARE_ICE","Ice Trays"
"51","KITCHENBARWARE","Kitchen and Barware","357","KITCHENBARWARE_PARTYTRAYS","Party Trays"
"42","CLOTHINGLINGERIE","Lingerie and Clothing","358","LINGERIE_BESTSELLERS","Best Sellers"
"42","CLOTHINGLINGERIE","Lingerie and Clothing","359","LINGERIE_COSTUMES","Costumes"
"42","CLOTHINGLINGERIE","Lingerie and Clothing","360","LINGERIE_GARTERS","Garters"
"42","CLOTHINGLINGERIE","Lingerie and Clothing","361","LINGERIE_GSTRINGS","G Strings"
"42","CLOTHINGLINGERIE","Lingerie and Clothing","362","LINGERIE_LIQUIDLATEX","Liquid Latex"
"42","CLOTHINGLINGERIE","Lingerie and Clothing","363","LINGERIE_MEN","Men"
"42","CLOTHINGLINGERIE","Lingerie and Clothing","364","LINGERIE_PANTIES","Panties"
"42","CLOTHINGLINGERIE","Lingerie and Clothing","365","LINGERIE_PASTIES","Pasties"
"42","CLOTHINGLINGERIE","Lingerie and Clothing","366","LINGERIE_TSHIRTS","T Shirts"
"42","CLOTHINGLINGERIE","Lingerie and Clothing","367","LINGERIE_WOMEN","Women"
"52","LOVEDOLLS","Love Dolls","368","LOVEDOLLS_BESTSELLERS","Best Sellers"
"52","LOVEDOLLS","Love Dolls","369","LOVEDOLLS_NOVELTY","Novelty"
"52","LOVEDOLLS","Love Dolls","370","LOVEDOLLS_OTHER","Other"
"52","LOVEDOLLS","Love Dolls","371","LOVEDOLLS_PORNSTARS","Porn Star"
"53","LUBRICANTS","Lubricants","372","LUBRICANTS_ANAL","Anal"
"53","LUBRICANTS","Lubricants","373","LUBRICANTS_BESTSELLERS","Best Sellers"
"53","LUBRICANTS","Lubricants","374","LUBRICANTS_CREAM","Cream"
"53","LUBRICANTS","Lubricants","375","LUBRICANTS_DISPLAY","Displays"
"53","LUBRICANTS","Lubricants","376","LUBRICANTS_FLAVORED","Flavored"
"53","LUBRICANTS","Lubricants","377","LUBRICANTS_FORTOYS","For Toys"
"53","LUBRICANTS","Lubricants","378","LUBRICANTS_GELS","Gels"
"53","LUBRICANTS","Lubricants","379","LUBRICANTS_GLYCERINFREE","Glycerin Free"
"53","LUBRICANTS","Lubricants","380","LUBRICANTS_KITS","Kits"
"53","LUBRICANTS","Lubricants","381","LUBRICANTS_OILBASED","Oil Based"
"53","LUBRICANTS","Lubricants","382","LUBRICANTS_SILICONE","Silicone"
"53","LUBRICANTS","Lubricants","383","LUBRICANTS_WARMING","Warming"
"53","LUBRICANTS","Lubricants","384","LUBRICANTS_WATERBASED","Water Based"
"54","MASSAGE","Massage Products","385","MASSAGE_BESTSELLERS","Best Sellers"
"54","MASSAGE","Massage Products","386","MASSAGE_CREMES","Creams"
"54","MASSAGE","Massage Products","387","MASSAGE_GELS","Gels"
"54","MASSAGE","Massage Products","388","MASSAGE_KITS","Kits"
"54","MASSAGE","Massage Products","389","MASSAGE_OILS","Oils, Lotions, Creams & Glides"
"55","MASSAGERS","Massagers","390","MASSAGERS_BATHSPONGE","Bath Sponge"
"55","MASSAGERS","Massagers","391","MASSAGERS_BESTSELLING","Best Sellers"
"55","MASSAGERS","Massagers","392","MASSAGERS_DUCKIES","Duckies"
"55","MASSAGERS","Massagers","393","MASSAGERS_HEATING","Heating"
"55","MASSAGERS","Massagers","394","MASSAGERS_MITTS","Mitts"
"55","MASSAGERS","Massagers","395","MASSAGERS_VIBRATING","Vibrating"
"57","NOVELTIES","Novelties","396","NOVELTIES_BATHROOMHUMOR","Bathroom humor"
"57","NOVELTIES","Novelties","397","NOVELTIES_BESTSELLERS","Best Sellers"
"57","NOVELTIES","Novelties","398","NOVELTIES_BUTTONS","Buttons"
"57","NOVELTIES","Novelties","399","NOVELTIES_COUPONSANDVOUCHERS","Coupons and Vouchers"
"57","NOVELTIES","Novelties","400","NOVELTIES_GAGS","Gags"
"57","NOVELTIES","Novelties","401","NOVELTIES_GIFTBAGS","Gift Bags"
"57","NOVELTIES","Novelties","402","NOVELTIES_GREETINGCARDS","Greeting Cards"
"57","NOVELTIES","Novelties","403","NOVELTIES_INCENSE","Incense"
"57","NOVELTIES","Novelties","404","NOVELTIES_KEYCHAINS","Key Chains"
"57","NOVELTIES","Novelties","405","NOVELTIES_MATCHES","Matches and Lighters"
"57","NOVELTIES","Novelties","406","NOVELTIES_OVERTHEHILL","Over the Hill"
"57","NOVELTIES","Novelties","407","NOVELTIES_POSTERS","Posters"
"57","NOVELTIES","Novelties","408","NOVELTIES_WINDUPS","Wind Ups"
"59","PENISGEAR","Penis Gear","415","PENISGEAR_COCKRINGS","Cock Rings"
"59","PENISGEAR","Penis Gear","416","PENISGEAR_LASSO","Lasso"
"59","PENISGEAR","Penis Gear","417","PENISGEAR_SLEEVESANDEXTENSIONS","Sleeves and Extensions"
"60","POCKETPALS","Pocket Pals","418","POCKETPALS_ASS","Ass"
"60","POCKETPALS","Pocket Pals","419","POCKETPALS_BESTSELLERS","Best Sellers"
"60","POCKETPALS","Pocket Pals","420","POCKETPALS_COMBOS","Pussy and Ass"
"60","POCKETPALS","Pocket Pals","421","POCKETPALS_MOUTH","Mouth"
"60","POCKETPALS","Pocket Pals","422","POCKETPALS_PUSSY","Pussy"
"61","PUMPS","Pumps","423","PUMPS_BESTSELLERS","Best Sellers"
"61","PUMPS","Pumps","424","PUMPS_FEMALE","Female"
"61","PUMPS","Pumps","425","PUMPS_MALE","Male"
"62","SEXPROPS","Sex Props","426","SEXPROPS_BESTSELLERS","Best Sellers"
"62","SEXPROPS","Sex Props","427","SEXPROPS_INFLATABLE","Inflatable"
"62","SEXPROPS","Sex Props","428","SEXPROPS_PILLOWS","Pillows"
"62","SEXPROPS","Sex Props","429","SEXPROPS_POLES","Poles"
"62","SEXPROPS","Sex Props","430","SEXPROPS_RAMPS","Ramps"
"62","SEXPROPS","Sex Props","431","SEXPROPS_SWINGS","Swings"
"64","STRAPONS","Strap Ons","432","STRAPONS_BESTSELLERS","Best Sellers"
"63","STIMULATORS","Stimulators","433","STIMULATORS_BENWABALLS","Ben Wa Balls"
"63","STIMULATORS","Stimulators","434","STIMULATORS_BESTSELLERS","Best Sellers"
"63","STIMULATORS","Stimulators","435","STIMULATORS_VIBRATINGTONGUE","Vibrating Tongue"
"64","STRAPONS","Strap Ons","436","STRAPONS_HARNESS","Harness"
"64","STRAPONS","Strap Ons","437","STRAPONS_HARNESSDONG","Harness and Dong"
"66","VAGINAS","Vaginas","438","VAGINAS_BESTSELLERS","Best Sellers"
"66","VAGINAS","Vaginas","439","VAGINAS_CYBERSKIN","Cyberskin"
"66","VAGINAS","Vaginas","440","VAGINAS_PORNSTARS","Porn Star"
"66","VAGINAS","Vaginas","441","VAGINAS_PUSSYASS","Pussy and Ass"
"66","VAGINAS","Vaginas","442","VAGINAS_VIBRATING","Vibrating"
"67","VIBRATORS","Vibrators","443","VIBRATORS_ACCESSORIES","Accessories"
"67","VIBRATORS","Vibrators","444","VIBRATORS_BENDABLE","Bendable"
"67","VIBRATORS","Vibrators","445","VIBRATORS_BESTSELLERS","Best Sellers"
"67","VIBRATORS","Vibrators","446","VIBRATORS_CLITSTIMULATINGDONGS","Clit Stimulating"
"67","VIBRATORS","Vibrators","447","VIBRATORS_CLITSTIMULATORS","Clit Stimulators"
"67","VIBRATORS","Vibrators","448","VIBRATORS_DISPLAYS","Displays"
"67","VIBRATORS","Vibrators","449","VIBRATORS_DONGS","Dongs"
"67","VIBRATORS","Vibrators","450","VIBRATORS_FINGER","Finger"
"67","VIBRATORS","Vibrators","451","VIBRATORS_GSPOTS","G Spots"
"67","VIBRATORS","Vibrators","452","VIBRATORS_KITS","Kits"
"67","VIBRATORS","Vibrators","453","VIBRATORS_MINI","Mini"
"67","VIBRATORS","Vibrators","454","VIBRATORS_SILICONE","Silicone"
"67","VIBRATORS","Vibrators","455","VIBRATORS_STRAIGHT","Straight"
"67","VIBRATORS","Vibrators","456","VIBRATORS_UNUSUAL","Unusual"
"67","VIBRATORS","Vibrators","457","VIBRATORS_WANDS","Wands"
"48","ENHANCERSFORWOMEN","Enhancers for Women","458","ENHANCERSFORWOMEN_STIMULATING","Stimulating"
"266","ANAL_PLUGSANDPROBES","Plugs and Probes","551","ANAL_PLUGSANDPROBES_NONVIBRATING","nonVibrating"
"266","ANAL_PLUGSANDPROBES","Plugs and Probes","552","ANAL_PLUGSANDPROBES_VIBRATING","Vibrating"
"275","BACHELORETTE_CLOTHING","Clothing","553","BACHELORETTE_CLOTHING_BOA","Boa and Lei"
"275","BACHELORETTE_CLOTHING","Clothing","554","BACHELORETTE_CLOTHING_SASHES","Sashes"
"275","BACHELORETTE_CLOTHING","Clothing","555","BACHELORETTE_CLOTHING_TSHIRTS","T Shirts"
"275","BACHELORETTE_CLOTHING","Clothing","556","BACHELORETTE_CLOTHING_VEILS","Veils"
"276","BACHELORETTE_GAMES","Games","557","BACHELORETTE_GAMES_BOARD","Board"
"276","BACHELORETTE_GAMES","Games","558","BACHELORETTE_GAMES_CARDS","Cards"
"276","BACHELORETTE_GAMES","Games","559","BACHELORETTE_GAMES_DICE","Dice"
"276","BACHELORETTE_GAMES","Games","560","BACHELORETTE_GAMES_SPINNER","Spinner"
"277","BACHELORETTE_GIFTBAGS","Gift Bags","561","BACHELORETTE_GIFTBAGS_JUMBO","Jumbo"
"277","BACHELORETTE_GIFTBAGS","Gift Bags","562","BACHELORETTE_GIFTBAGS_STANDARD","Standard"
"277","BACHELORETTE_GIFTBAGS","Gift Bags","563","BACHELORETTE_GIFTBAGS_WINE","Wine"
"278","BACHELORETTE_PARTY","Party","564","BACHELORETTE_PARTY_BALLONS","Ballons"
"278","BACHELORETTE_PARTY","Party","565","BACHELORETTE_PARTY_FAVORS","Favors"
"278","BACHELORETTE_PARTY","Party","566","BACHELORETTE_PARTY_SIGNS","Signs"
"278","BACHELORETTE_PARTY","Party","567","BACHELORETTE_PARTY_TABLEWARE","Tableware"
"279","BEDBATH_BATH","Bath","568","BEDBATH_BATH_AFTER","After Bath"
"279","BEDBATH_BATH","Bath","569","BEDBATH_BATH_BUBBLE","Bubble"
"279","BEDBATH_BATH","Bath","570","BEDBATH_BATH_DOUCHE","Douche"
"279","BEDBATH_BATH","Bath","571","BEDBATH_BATH_KITS","Kits"
"279","BEDBATH_BATH","Bath","572","BEDBATH_BATH_MISTS","Mists"
"279","BEDBATH_BATH","Bath","573","BEDBATH_BATH_SALTS","Salts"
"279","BEDBATH_BATH","Bath","574","BEDBATH_BATH_SHAVERS","Shavers"
"279","BEDBATH_BATH","Bath","575","BEDBATH_BATH_SHCREAM","Shaving Cream"
"279","BEDBATH_BATH","Bath","576","BEDBATH_BATH_SOAP","Soap"
"283","BEDBATH_CANDLES","Candles","577","BEDBATH_CANDLES_3IN1","3 in 1"
"283","BEDBATH_CANDLES","Candles","578","BEDBATH_CANDLES_EDIBLE","Edible"
"283","BEDBATH_CANDLES","Candles","579","BEDBATH_CANDLES_MASSOIL","Massage Oil"
"283","BEDBATH_CANDLES","Candles","580","BEDBATH_CANDLES_WPHER","With Pheromones"
"284","BEDBATH_ROMANTIC","Romantic","581","BEDBATH_ROMANTIC_FLOWERP","Flower Petals"
"284","BEDBATH_ROMANTIC","Romantic","582","BEDBATH_ROMANTIC_GIFT","Gifts"
"284","BEDBATH_ROMANTIC","Romantic","583","BEDBATH_ROMANTIC_KITS","Kits"
"289","BOOKS_KAMASUTRA","Kama Sutra","584","BOOKS_KAMASUTRA_ANNE","Anne Hooper"
"303","DONGS_CLITSTIM","Clit Stimulating","585","DONGS_CLITSTIM_BEND","Bendable"
"303","DONGS_CLITSTIM","Clit Stimulating","586","DONGS_CLITSTIM_SILICONE","Silicone"
"304","DONGS_CYBERSKIN","Cyberskin","587","DONGS_CYBERSKIN_NONVIB","nonVibrating"
"304","DONGS_CYBERSKIN","Cyberskin","588","DONGS_CYBERSKIN_VIB","Vibrating"
"305","DONGS_DOUBLE","Double","589","DONGS_DOUBLE_12","12in - 15in"
"305","DONGS_DOUBLE","Double","590","DONGS_DOUBLE_16","16in - 18in"
"305","DONGS_DOUBLE","Double","591","DONGS_DOUBLE_19","19in and up"
"306","DONGS_DOUBLEPENETRATOR","Double Penetrator","592","DONGS_DOUBLEPENETRATOR_NONVIB","nonVibrating"
"306","DONGS_DOUBLEPENETRATOR","Double Penetrator","593","DONGS_DOUBLEPENETRATOR_VIB","Vibrating"
"308","DONGS_JELLY","Jelly","594","DONGS_JELLY_NONVIB","nonVibrating"
"308","DONGS_JELLY","Jelly","595","DONGS_JELLY_VIB","Vibrating"
"310","DONGS_REALISTIC","Realistic","596","DONGS_REALISTIC_NONVIB","nonVibrating"
"310","DONGS_REALISTIC","Realistic","597","DONGS_REALISTIC_VIB","Vibrating"
"317","EDIBLES_BODYTOPPING","Body Topping","598","EDIBLES_BODYTOPPING_EROTIC","Erotic"
"318","EDIBLES_CANDY","Candy","599","EDIBLES_CANDY_GUMMIES","Gummies"
"318","EDIBLES_CANDY","Candy","600","EDIBLES_CANDY_MINTS","Mints"
"318","EDIBLES_CANDY","Candy","601","EDIBLES_CANDY_SUCKERS","Suckers"
"319","EDIBLES_CHOCOLATE","Chocolate","602","EDIBLES_CHOCOLATE_ANATOMY","Anatomy"
"319","EDIBLES_CHOCOLATE","Chocolate","603","EDIBLES_CHOCOLATE_BODYPAINT","Body Paint"
"319","EDIBLES_CHOCOLATE","Chocolate","604","EDIBLES_CHOCOLATE_GAMES","Games"
"320","EDIBLES_FOOD","Food","605","EDIBLES_FOOD_COOKIES","Cookies"
"320","EDIBLES_FOOD","Food","606","EDIBLES_FOOD_PASTA","Pasta"
"321","EDIBLES_UNDERWEAR","Underwear","607","EDIBLES_UNDERWEAR_MEN","Men"
"321","EDIBLES_UNDERWEAR","Underwear","608","EDIBLES_UNDERWEAR_WOMEN","Women"
"333","FETISH_BLINDFOLDS","Blind Folds","609","FETISH_BLINDFOLDS_FABRIC","Fabric"
"333","FETISH_BLINDFOLDS","Blind Folds","610","FETISH_BLINDFOLDS_LEATHER","Leather"
"333","FETISH_BLINDFOLDS","Blind Folds","611","FETISH_BLINDFOLDS_MASKS","Masks"
"334","FETISH_CLIPSANDCLAMPS","Clips and Clamps","612","FETISH_CLIPSANDCLAMPS_NONVIB","nonVibrating"
"334","FETISH_CLIPSANDCLAMPS","Clips and Clamps","613","FETISH_CLIPSANDCLAMPS_VIB","Vibrating"
"339","FETISH_JEWELRY","Jewelry","614","FETISH_JEWELRY_CLIT","Clit"
"339","FETISH_JEWELRY","Jewelry","615","FETISH_JEWELRY_NIPPLE","Nipple"
"342","FETISH_RESTRAINTS","Restraints","616","FETISH_RESTRAINTS_ROPES","Ropes"
"342","FETISH_RESTRAINTS","Restraints","617","FETISH_RESTRAINTS_SLINGS","Slings"
"344","GAMES_BOARDGAMES","Board","618","GAMES_BOARDGAMES_PARTY","Party"
"344","GAMES_BOARDGAMES","Board","619","GAMES_BOARDGAMES_ROMANTIC","Romantic"
"363","LINGERIE_MEN","Men","620","LINGERIE_MEN_NOVELTY","Novelty"
"363","LINGERIE_MEN","Men","621","LINGERIE_MEN_UNDERWEAR","Underwear"
"364","LINGERIE_PANTIES","Panties","622","LINGERIE_PANTIES_NONVIB","nonVibrating"
"364","LINGERIE_PANTIES","Panties","623","LINGERIE_PANTIES_VIB","Vibrating"
"375","LUBRICANTS_DISPLAY","Displays","624","LUBRICANTS_DISPLAY_COUNTER","Counter"
"375","LUBRICANTS_DISPLAY","Displays","625","LUBRICANTS_DISPLAY_FLOOR","Floor"
"379","LUBRICANTS_GLYCERINFREE","Glycerin Free","626","LUBRICANTS_GLYCERINFREE_FLAV","Flavored"
"387","MASSAGE_GELS","Gels","627","MASSAGE_GELS_COOLING","Cooling"
"387","MASSAGE_GELS","Gels","628","MASSAGE_GELS_WARMING","Warming"
"389","MASSAGE_OILS","Oils, Lotions, Creams & Glides","629","MASSAGE_OILS_AROMATH","Aromatic"
"389","MASSAGE_OILS","Oils, Lotions, Creams & Glides","630","MASSAGE_OILS_WARMING","Warming"
"415","PENISGEAR_COCKRINGS","Cock Rings","631","PENISGEAR_COCKRINGS_NONVIB","nonVibrating"
"415","PENISGEAR_COCKRINGS","Cock Rings","632","PENISGEAR_COCKRINGS_STRETCHY","Stretchy"
"417","PENISGEAR_SLEEVESANDEXTENSIONS","Sleeves and Extensions","633","PENISGEAR_SLEEVESANDEXTENSIONS_TICKLERS","Ticklers"
"437","STRAPONS_HARNESSDONG","Harness and Dong","634","STRAPONS_HARNESSDONG_NONVIB","nonVibrating"
"437","STRAPONS_HARNESSDONG","Harness and Dong","635","STRAPONS_HARNESSDONG_VIB","Vibrating"
"440","VAGINAS_PORNSTARS","Porn Star","636","VAGINAS_PORNSTARS_VIBRATING","Vibrating"
"275","BACHELORETTE_CLOTHING","Clothing","637","BACHELORETTE_CLOTHING_TIARAS","Tiaras"
"317","EDIBLES_BODYTOPPING","Body Topping","638","EDIBLES_BODYTOPPING_PAINT","Paint"
"318","EDIBLES_CANDY","Candy","639","EDIBLES_CANDY_WEAR","Wearables"
"342","FETISH_RESTRAINTS","Restraints","640","FETISH_RESTRAINTS_CUFFS","Hand Cuffs"
"415","PENISGEAR_COCKRINGS","Cock Rings","641","PENISGEAR_COCKRINGS_VIB","Vibrating"
"637","BACHELORETTE_CLOTHING_TIARAS","Tiaras","657","BACHELORETTE_CLOTHING_TIARAS_FLASH","Flash"
"637","BACHELORETTE_CLOTHING_TIARAS","Tiaras","658","BACHELORETTE_CLOTHING_TIARAS_NONFLASH","Non Flash"
"638","EDIBLES_BODYTOPPING_PAINT","Paint","659","EDIBLES_BODYTOPPING_PAINT_CRAYONS","Crayons"
"638","EDIBLES_BODYTOPPING_PAINT","Paint","660","EDIBLES_BODYTOPPING_PAINT_FINGER","Finger Paint"
"638","EDIBLES_BODYTOPPING_PAINT","Paint","661","EDIBLES_BODYTOPPING_PAINT_PENS","Pens"
"639","EDIBLES_CANDY_WEAR","Wearables","662","EDIBLES_CANDY_WEAR_BRAS","Bras"
"639","EDIBLES_CANDY_WEAR","Wearables","663","EDIBLES_CANDY_WEAR_CUFFS","Hand Cuffs"
"639","EDIBLES_CANDY_WEAR","Wearables","664","EDIBLES_CANDY_WEAR_GSTRINGS","G Strings"
"639","EDIBLES_CANDY_WEAR","Wearables","665","EDIBLES_CANDY_WEAR_NECKLACES","Necklaces"
"639","EDIBLES_CANDY_WEAR","Wearables","666","EDIBLES_CANDY_WEAR_PANTIES","Panties"
"640","FETISH_RESTRAINTS_CUFFS","Hand Cuffs","667","FETISH_RESTRAINTS_CUFFS_FURRY","Furry"
"640","FETISH_RESTRAINTS_CUFFS","Hand Cuffs","668","FETISH_RESTRAINTS_CUFFS_LEG","Leg"
"640","FETISH_RESTRAINTS_CUFFS","Hand Cuffs","669","FETISH_RESTRAINTS_CUFFS_METAL","Metal"
"641","PENISGEAR_COCKRINGS_VIB","Vibrating","670","PENISGEAR_COCKRINGS_VIB_DUAL","Dual"
"641","PENISGEAR_COCKRINGS_VIB","Vibrating","671","PENISGEAR_COCKRINGS_VIB_SINGLE","Single"
"37","BACHELOR","Bachelor","675","BACHELOR_ALL","View all items in this category"
"38","BACHELORETTE","Bachelorette","676","BACHELORETTE_ALL","View all items in this category"
"39","BEDBATH","Bed and Bath","677","BEDBATH_ALL","View all items in this category"
"40","BOOKS","Books","678","BOOKS_ALL","View all items in this category"
"42","CLOTHINGLINGERIE","Lingerie and Clothing","679","LINGERIE_ALL","View all items in this category"
"43","CONDOMS","Condoms","680","CONDOMS_ALL","View all items in this category"
"44","DONGS","Dongs","681","DONGS_ALL","View all items in this category"
"45","DVD","DVD","682","DVD_ALL","View all items in this category"
"46","EDIBLES","Edibles","683","EDIBLES_ALL","View all items in this category"
"47","ENHANCERSFORMEN","Enhancers for Men","684","ENHANCERSFORMEN_ALL","View all items in this category"
"48","ENHANCERSFORWOMEN","Enhancers for Women","685","ENHANCERSFORWOMEN_ALL","View all items in this category"
"49","FETISH","Fetish","686","FETISH_ALL","View all items in this category"
"50","GAMES","Games","687","GAMES_ALL","View all items in this category"
"51","KITCHENBARWARE","Kitchen and Barware","688","KITCHENBARWARE_ALL","View all items in this category"
"52","LOVEDOLLS","Love Dolls","689","LOVEDOLLS_ALL","View all items in this category"
"53","LUBRICANTS","Lubricants","690","LUBRICANTS_ALL","View all items in this category"
"54","MASSAGE","Massage Products","691","MASSAGE_ALL","View all items in this category"
"55","MASSAGERS","Massagers","692","MASSAGERS_ALL","View all items in this category"
"57","NOVELTIES","Novelties","693","NOVELTIES_ALL","View all items in this category"
"60","POCKETPALS","Pocket Pals","696","POCKETPALS_ALL","View all items in this category"
"61","PUMPS","Pumps","697","PUMPS_ALL","View all items in this category"
"62","SEXPROPS","Sex Props","698","SEXPROPS_ALL","View all items in this category"
"64","STRAPONS","Strap Ons","700","STRAPONS_ALL","View all items in this category"
"66","VAGINAS","Vaginas","701","VAGINAS_ALL","View all items in this category"
"703","BULLETSEGGS","Bullets and Eggs","704","BULLETSEGGS_BESTSELLERS","Best Sellers"
"703","BULLETSEGGS","Bullets and Eggs","705","BULLETSEGGS_ITEMS","Bullets and Eggs"
"276","BACHELORETTE_GAMES","Games","708","BACHELORETTE_GAMES_OTHER","Other"
"342","FETISH_RESTRAINTS","Restraints","709","FETISH_RESTRAINTS_OTHER","Other"
"49","FETISH","Fetish","710","FETISH_WHIPS","Whips"
"38","BACHELORETTE","Bachelorette","711","BACHELORETTE_DIVORCED","Divorced"
"278","BACHELORETTE_PARTY","Party","712","BACHELORETTE_PARTY_OTHER","Other"
"283","BEDBATH_CANDLES","Candles","713","BEDBATH_CANDLES_OTHER","Other"
"57","NOVELTIES","Novelties","714","NOVELTIES_OTHER","Other"
"44","DONGS","Dongs","715","DONGS_OTHER","Other"
"51","KITCHENBARWARE","Kitchen and Barware","716","KITCHENBARWARE_OTHER","Other"
"51","KITCHENBARWARE","Kitchen and Barware","717","KITCHENBARWARE_STRAWS","Straws"
"640","FETISH_RESTRAINTS_CUFFS","Hand Cuffs","718","FETISH_RESTRAINTS_CUFFS_OTHER","Other"
"39","BEDBATH","Bed and Bath","719","BEDBATH_WIPES","Wipes"
"46","EDIBLES","Edibles","720","EDIBLES_CONDOMS","Condoms"
"60","POCKETPALS","Pocket Pals","721","POCKETPALS_OTHER","Other"
"303","DONGS_CLITSTIM","Clit Stimulating","723","DONGS_CLITSTIM_BASIC","Basic"
"50","GAMES","Games","724","GAMES_OTHER","Other"
"638","EDIBLES_BODYTOPPING_PAINT","Paint","725","EDIBLES_BODYTOPPING_PAINT_OTHER","Other Body Paint"
"417","PENISGEAR_SLEEVESANDEXTENSIONS","Sleeves and Extensions","726","PENISGEAR_SLEEVESANDEXTENSIONS_BASIC","Basic"
"47","ENHANCERSFORMEN","Enhancers for Men","730","ENHANCERSFORMEN_PHEROMONES","Pheromones"
"48","ENHANCERSFORWOMEN","Enhancers for Women","731","ENHANCERSFORWOMEN_PHEROMONES","Pheromones"
"53","LUBRICANTS","Lubricants","732","LUBRICANTS_OTHER","Other"
"64","STRAPONS","Strap Ons","733","STRAPONS_DONGS","Dongs"
"318","EDIBLES_CANDY","Candy","735","EDIBLES_CANDY_OTHER","Other"
"36","ANAL","Anal","744","ANAL_NEW","New Items"
"37","BACHELOR","Bachelor","745","BACHELOR_NEW","New Items"
"38","BACHELORETTE","Bachelorette","746","BACHELORETTE_NEW","New Items"
"39","BEDBATH","Bed and Bath","747","BEDBATH_NEW","New Items"
"40","BOOKS","Books","748","BOOKS_NEW","New Items"
"703","BULLETSEGGS","Bullets and Eggs","749","BULLETSEGGS_NEW","New Items"
"43","CONDOMS","Condoms","750","CONDOMS_NEW","New Items"
"44","DONGS","Dongs","751","DONGS_NEW","New Items"
"45","DVD","DVD","752","DVD_NEW","New Items"
"46","EDIBLES","Edibles","753","EDIBLES_NEW","New Items"
"47","ENHANCERSFORMEN","Enhancers for Men","754","ENHANCERSFORMEN_NEW","New Items"
"48","ENHANCERSFORWOMEN","Enhancers for Women","755","ENHANCERSFORWOMEN_NEW","New Items"
"49","FETISH","Fetish","756","FETISH_NEW","New Items"
"50","GAMES","Games","757","GAMES_NEW","New Items"
"51","KITCHENBARWARE","Kitchen and Barware","758","KITCHENBARWARE_NEW","New Items"
"42","CLOTHINGLINGERIE","Lingerie and Clothing","759","LINGERIE_NEW","New Items"
"52","LOVEDOLLS","Love Dolls","760","LOVEDOLLS_NEW","New Items"
"53","LUBRICANTS","Lubricants","761","LUBRICANTS_NEW","New Items"
"54","MASSAGE","Massage Products","762","MASSAGE_NEW","New Items"
"55","MASSAGERS","Massagers","763","MASSAGERS_NEW","New Items"
"57","NOVELTIES","Novelties","764","NOVELTIES_NEW","New Items"
"60","POCKETPALS","Pocket Pals","767","POCKETPALS_NEW","New Items"
"61","PUMPS","Pumps","768","PUMPS_NEW","New Items"
"62","SEXPROPS","Sex Props","771","SEXPROPS_NEW","New Items"
"63","STIMULATORS","Stimulators","772","STIMULATORS_NEW","New Items"
"64","STRAPONS","Strap Ons","773","STRAPONS_NEW","New Items"
"66","VAGINAS","Vaginas","774","VAGINAS_NEW","New Items"
"67","VIBRATORS","Vibrators","775","VIBRATORS_NEW","New Items"
"737","KAMASUTRA","Kama Sutra (1-3)","777","CATALOG2010_1","Page 1"
"737","KAMASUTRA","Kama Sutra (1-3)","778","CATALOG2010_2","Page 2"
"737","KAMASUTRA","Kama Sutra (1-3)","779","CATALOG2010_3","Page 3"
"740","LOVERSCHOICE","Lover's Choice (4-5)","781","CATALOG2010_4","Page 4"
"740","LOVERSCHOICE","Lover's Choice (4-5)","782","CATALOG2010_5","Page 5"
"783","CLASSICEROTICA","CLASSICEROTICA (5-6)","786","CATALOG2010_6","Page 6"
"787","SHUNGA","SHUNGA (7)","788","CATALOG2010_7","Page 7"
"789","SHAVECREAMS","SHAVECREAMS (8)","790","CATALOG2010_8","Page 8"
"791","BUBBLEBATH","BUBBLEBATH (9)","792","CATALOG2010_9","Page 9"
"793","BATH","BATH (10)","795","CATALOG2010_10","Page 10"
"796","CANDLES","CANDLES (11-12)","799","CATALOG2010_11","Page 11"
"796","CANDLES","CANDLES (11-12)","800","CATALOG2010_12","Page 12"
"802","SCANDLELIGHTCANDLES","SCANDLELIGHTCANDLES (13)","803","CATALOG2010_13","Page 13"
"811","FLAVOREDWARMINGOILS","FLAVOREDWARMINGOILS (20)","812","CATALOG2010_20","Page 20"
"813","FLAVOREDOILS","FLAVOREDOILS (21)","815","CATALOG2010_21","Page 21"
"816","CATMASSAGEOILS","CATMASSAGEOILS (22)","817","CATALOG2010_22","Page 22"
"819","CATFLAVOREDWARMINGOILS","catflavoredwarmingoils (23)","821","CATALOG2010_23","page 23"
"822","BODYPAINT","bodypaint (24-25)","823","CATALOG2010_24","page 24"
"822","BODYPAINT","bodypaint (24-25)","824","CATALOG2010_25","page25"
"825","EROTICCOSMETICS","eroticcosmetics (26)","826","CATALOG2010_26","page 26"
"827","BODYTOPPINGS","bodytoppings (27)","828","CATALOG2010_27","page 27"
"829","DUSTS+","dusts+ (28)","830","CATALOG2010_28","page 28"
"831","TOPPINGS","toppings (29)","832","CATALOG2010_29","Page 29"
"833","ENHANCERS4MEN","enhancers4men (30-34)","834","CATALOG2010_30","Page 30"
"833","ENHANCERS4MEN","enhancers4men (30-34)","835","CATALOG2010_31","Page 31"
"833","ENHANCERS4MEN","enhancers4men (30-34)","838","CATALOG2010_32","Page 32"
"833","ENHANCERS4MEN","enhancers4men (30-34)","839","CATALOG2010_33","Page 33"
"833","ENHANCERS4MEN","enhancers4men (30-34)","840","CATALOG2010_34","Page 34"
"841","BJASSIST","BJASSIST (35-36)","842","CATALOG2010_35","page 35"
"841","BJASSIST","BJASSIST (35-36)","843","CATALOG2010_36","page36"
"846","ENHANCERS4WOMEN","enhancers4women (39-42)","847","CATALOG2010_39","page39"
"846","ENHANCERS4WOMEN","enhancers4women (39-42)","848","CATALOG2010_40","page 40"
"846","ENHANCERS4WOMEN","enhancers4women (39-42)","849","CATALOG2010_41","page 41"
"846","ENHANCERS4WOMEN","enhancers4women (39-42)","850","CATALOG2010_42","page 42"
"853","BODYACTION","bodyaction (45-46)","854","CATALOG2010_45","page 45"
"853","BODYACTION","bodyaction (45-46)","855","CATALOG2010_46","page 46"
"856","WET","wet (47-50)","857","CATALOG2010_47","page 47"
"856","WET","wet (47-50)","858","CATALOG2010_48","page 48"
"856","WET","wet (47-50)","859","CATALOG2010_49","page 49"
"856","WET","wet (47-50)","860","CATALOG2010_50","page 50"
"861","CATID","CATID (51-53)","862","CATALOG2010_51","page 51"
"861","CATID","CATID (51-53)","863","CATALOG2010_52","page 52"
"861","CATID","CATID (51-53)","864","CATALOG2010_53","page 53"
"868","CATSYSTEMJO","CATSYSTEMJO (56-59)","869","CATALOG2010_56","PAGE 56"
"868","CATSYSTEMJO","CATSYSTEMJO (56-59)","870","CATALOG2010_57","page 57"
"868","CATSYSTEMJO","CATSYSTEMJO (56-59)","871","CATALOG2010_58","page 58"
"868","CATSYSTEMJO","CATSYSTEMJO (56-59)","872","CATALOG2010_59","page 59"
"878","FLAVOREDLUBES","FlavoredLubes (64-65)","879","CATALOG2010_64","FlavoredLubesPage64"
"878","FLAVOREDLUBES","FlavoredLubes (64-65)","880","CATALOG2010_65","FlavoredLubesPage65"
"881","CATLUBRICANTS","CatLubricants (66-72)","882","CATALOG2010_66","CatLubricantsPage66"
"881","CATLUBRICANTS","CatLubricants (66-72)","884","CATALOG2010_67","CatLubricantsPage67"
"881","CATLUBRICANTS","CatLubricants (66-72)","885","CATALOG2010_68","CatLubricantsPage68"
"881","CATLUBRICANTS","CatLubricants (66-72)","886","CATALOG2010_69","CatLubricantsPage69"
"881","CATLUBRICANTS","CatLubricants (66-72)","887","CATALOG2010_70","CatLubricantsPage70"
"881","CATLUBRICANTS","CatLubricants (66-72)","888","CATALOG2010_71","CatLubricantsPage71"
"881","CATLUBRICANTS","CatLubricants (66-72)","889","CATALOG2010_72","CatLubricantsPage72"
"890","ANALLUBES","AnalLubes (73-74)","891","CATALOG2010_73","AnalLubesPage73"
"890","ANALLUBES","AnalLubes (73-74)","892","CATALOG2010_74","AnalLubesPage74"
"893","CATCONDOMS","CatCondoms (75-80)","894","CATALOG2010_75","CatCondomsPage75"
"893","CATCONDOMS","CatCondoms (75-80)","895","CATALOG2010_76","CatCondomsPage76"
"893","CATCONDOMS","CatCondoms (75-80)","896","CATALOG2010_77","CatCondomsPage77"
"893","CATCONDOMS","CatCondoms (75-80)","897","CATALOG2010_78","CatCondomsPage78"
"893","CATCONDOMS","CatCondoms (75-80)","898","CATALOG2010_79","CatCondomsPage79"
"893","CATCONDOMS","CatCondoms (75-80)","899","CATALOG2010_80","CatCondomsPage80"
"908","LINGERIE","LINGERIE (88-92)","909","CATALOG2010_88","LINGERIEPAGE88"
"908","LINGERIE","LINGERIE (88-92)","910","CATALOG2010_89","LINGERIEPAGE89"
"908","LINGERIE","LINGERIE (88-92)","911","CATALOG2010_90","LINGERIEPAGE90"
"908","LINGERIE","LINGERIE (88-92)","912","CATALOG2010_91","LINGERIEPAGE91"
"908","LINGERIE","LINGERIE (88-92)","913","CATALOG2010_92","LINGERIEPAGE92"
"922","MENSWEAR","MENSWEAR (100-101)","923","CATALOG2010_100","MENSWEARPAGE100"
"922","MENSWEAR","MENSWEAR (100-101)","924","CATALOG2010_101","MENSWEARPAGE101"
"929","CATBOOKS","CATBOOKS (104-106)","930","CATALOG2010_104","CATBOOKSPAGE104"
"929","CATBOOKS","CATBOOKS (104-106)","931","CATALOG2010_105","CATBOOKSPAGE105"
"929","CATBOOKS","CATBOOKS (104-106)","932","CATALOG2010_106","CATBOOKSPAGE106"
"933","CATGAMES","CATGAMES (107-114)","934","CATALOG2010_107","CATGAMESPAGE107"
"933","CATGAMES","CATGAMES (107-114)","935","CATALOG2010_108","CATGAMESPAGE108"
"933","CATGAMES","CATGAMES (107-114)","936","CATALOG2010_109","CATGAMESPAGE109"
"933","CATGAMES","CATGAMES (107-114)","937","CATALOG2010_110","CATGAMESPAGE110"
"933","CATGAMES","CATGAMES (107-114)","938","CATALOG2010_111","CATGAMESPAGE111"
"933","CATGAMES","CATGAMES (107-114)","939","CATALOG2010_112","CATGAMESPAGE112"
"933","CATGAMES","CATGAMES (107-114)","940","CATALOG2010_113","CATGAMESPAGE113"
"933","CATGAMES","CATGAMES (107-114)","941","CATALOG2010_114","CATGAMESPAGE114"
"942","DICE","DICE (115-116)","943","CATALOG2010_115","DICEPAGE115"
"942","DICE","DICE (115-116)","944","CATALOG2010_116","DICEPAGE116"
"948","DRINKINGGAMES","DRINKINGGAMES (120-121)","949","CATALOG2010_120","DRINKINGGAMESPAGE120"
"948","DRINKINGGAMES","DRINKINGGAMES (120-121)","950","CATALOG2010_121","DRINKINGGAMESPAGE121"
"952","STRAWS","STRAWS (123-124)","953","CATALOG2010_123","STRAWSPAGE123"
"952","STRAWS","STRAWS (123-124)","954","CATALOG2010_124","STRAWSPAGE124"
"957","FUNINTHEKITCHEN","FUNINTHEKITCHEN (127-129)","958","CATALOG2010_127","FUNINTHEKITCHENPAGE127"
"957","FUNINTHEKITCHEN","FUNINTHEKITCHEN (127-129)","959","CATALOG2010_128","FUNINTHEKITCHENPAGE128"
"957","FUNINTHEKITCHEN","FUNINTHEKITCHEN (127-129)","960","CATALOG2010_129","FUNINTHEKITCHENPAGE129"
"965","CATNOVELTIES","CATNOVELTIES (134-136)","966","CATALOG2010_134","CATNOVELTIESPAGE134"
"965","CATNOVELTIES","CATNOVELTIES (134-136)","967","CATALOG2010_135","CATNOVELTIESPAGE135"
"965","CATNOVELTIES","CATNOVELTIES (134-136)","968","CATALOG2010_136","CATNOVELTIESPAGE136"
"978","GIFTBAGS","GIFTBAGS (145-146)","979","CATALOG2010_145","GIFTBAGSPAGE145"
"978","GIFTBAGS","GIFTBAGS (145-146)","980","CATALOG2010_146","GIFTBAGSPAGE146"
"985","COMEDYMATCHBOOKS","COMEDYMATCHBOOKS (150-151)","986","CATALOG2010_150","COMEDYMATCHBOOKS (150)"
"985","COMEDYMATCHBOOKS","COMEDYMATCHBOOKS (150-151)","987","CATALOG2010_151","COMEDYMATCHBOOKS (151)"
"988","COMEDYT-SHIRTS","COMEDYT-SHIRTS (152-153)","989","CATALOG2010_152","COMEDYT-SHIRTS (152)"
"988","COMEDYT-SHIRTS","COMEDYT-SHIRTS (152-153)","990","CATALOG2010_153","COMEDYT-SHIRTS (153)"
"995","SPORTSHEETS","SPORTSHEETS (157-161)","996","CATALOG2010_157","SPORTSHEETS (157)"
"995","SPORTSHEETS","SPORTSHEETS (157-161)","997","CATALOG2010_158","SPORTSHEETS (158)"
"995","SPORTSHEETS","SPORTSHEETS (157-161)","998","CATALOG2010_159","SPORTSHEETS (159)"
"995","SPORTSHEETS","SPORTSHEETS (157-161)","999","CATALOG2010_160","SPORTSHEETS (160)"
"1013","RESTRAINTS+KITS","RESTRAINTS+KITS (174-176)","1014","CATALOG2010_174","RESTRAINTS+KITS (174)"
"1013","RESTRAINTS+KITS","RESTRAINTS+KITS (174-176)","1015","CATALOG2010_175","RESTRAINTS+KITS (175)"
"1013","RESTRAINTS+KITS","RESTRAINTS+KITS (174-176)","1016","CATALOG2010_176","RESTRAINTS+KITS (176)"
"1017","CLIPS+CLAMPS","CLIPS+CLAMPS (177-178)","1018","CATALOG2010_177","CLIPS+CLAMPS (177)"
"1017","CLIPS+CLAMPS","CLIPS+CLAMPS (177-178)","1019","CATALOG2010_178","CLIPS+CLAMPS (178)"
"1022","VIBRATINGPUMPS","VIBRATINGPUMPS (181-182)","1023","CATALOG2010_181","VIBRATINGPUMPS (181)"
"1022","VIBRATINGPUMPS","VIBRATINGPUMPS (181-182)","1024","CATALOG2010_182","VIBRATINGPUMPS (182)"
"1028","STRAIGHTS","STRAIGHTS (186-187)","1029","CATALOG2010_186","STRAIGHTS (186)"
"1028","STRAIGHTS","STRAIGHTS (186-187)","1030","CATALOG2010_187","STRAIGHTS (187)"
"1037","G-SPOTS","G-SPOTS (193-203)","1038","CATALOG2010_193","G-SPOTS (193)"
"1037","G-SPOTS","G-SPOTS (193-203)","1039","CATALOG2010_194","G-SPOTS (194)"
"1037","G-SPOTS","G-SPOTS (193-203)","1040","CATALOG2010_195","G-SPOTS (195)"
"1037","G-SPOTS","G-SPOTS (193-203)","1041","CATALOG2010_196","G-SPOTS (196)"
"1037","G-SPOTS","G-SPOTS (193-203)","1042","CATALOG2010_197","G-SPOTS (197)"
"1037","G-SPOTS","G-SPOTS (193-203)","1043","CATALOG2010_198","G-SPOTS (198)"
"1037","G-SPOTS","G-SPOTS (193-203)","1044","CATALOG2010_199","G-SPOTS (199)"
"1037","G-SPOTS","G-SPOTS (193-203)","1045","CATALOG2010_200","G-SPOTS (200)"
"1037","G-SPOTS","G-SPOTS (193-203)","1046","CATALOG2010_201","G-SPOTS (201)"
"1037","G-SPOTS","G-SPOTS (193-203)","1047","CATALOG2010_202","G-SPOTS (202)"
"1037","G-SPOTS","G-SPOTS (193-203)","1048","CATALOG2010_203","G-SPOTS (203)"
"1050","LELO","LELO (205-206)","1051","CATALOG2010_205","LELO (205)"
"1050","LELO","LELO (205-206)","1052","CATALOG2010_206","LELO (206)"
"1053","CATVIBRATORS","CATVIBRATORS (207-216)","1054","CATALOG2010_207","CATVIBRATORS (207)"
"1053","CATVIBRATORS","CATVIBRATORS (207-216)","1055","CATALOG2010_208","CATVIBRATORS (208)"
"1053","CATVIBRATORS","CATVIBRATORS (207-216)","1056","CATALOG2010_209","CATVIBRATORS (209)"
"1053","CATVIBRATORS","CATVIBRATORS (207-216)","1057","CATALOG2010_210","CATVIBRATORS (210)"
"1053","CATVIBRATORS","CATVIBRATORS (207-216)","1058","CATALOG2010_211","CATVIBRATORS (211)"
"1053","CATVIBRATORS","CATVIBRATORS (207-216)","1059","CATALOG2010_212","CATVIBRATORS (212)"
"1053","CATVIBRATORS","CATVIBRATORS (207-216)","1060","CATALOG2010_213","CATVIBRATORS (213)"
"1053","CATVIBRATORS","CATVIBRATORS (207-216)","1061","CATALOG2010_214","CATVIBRATORS (214)"
"1067","SILICONEVIBRATORS","SILICONEVIBRATORS (219-220)","1068","CATALOG2010_219","SILICONEVIBRATORS (219)"
"1067","SILICONEVIBRATORS","SILICONEVIBRATORS (219-220)","1069","CATALOG2010_220","siliconevibrators (220)"
"1072","VIBRATORKITS","VIBRATORKITS (222-223)","1071","CATALOG2010_222","VIBRATORKITS (222-223)"
"1072","VIBRATORKITS","VIBRATORKITS (222-223)","1073","CATALOG2010_223","VIBRATORKITS (223)"
"1074","VIBEKITS","VIBEKITS (224-233)","1075","CATALOG2010_224","VIBEKITS (224)"
"1074","VIBEKITS","VIBEKITS (224-233)","1076","CATALOG2010_225","VIBEKITS (225)"
"1074","VIBEKITS","VIBEKITS (224-233)","1077","CATALOG2010_226","VIBEKITS (226)"
"1074","VIBEKITS","VIBEKITS (224-233)","1078","CATALOG2010_227","VIBEKITS (227)"
"1074","VIBEKITS","VIBEKITS (224-233)","1079","CATALOG2010_228","vibekits (228)"
"1074","VIBEKITS","VIBEKITS (224-233)","1080","CATALOG2010_229","VIBEKITS (229)"
"1074","VIBEKITS","VIBEKITS (224-233)","1081","CATALOG2010_230","VIBEKITS (230)"
"1074","VIBEKITS","VIBEKITS (224-233)","1082","CATALOG2010_231","VIBEKITS (231)"
"1074","VIBEKITS","VIBEKITS (224-233)","1083","CATALOG2010_232","VIBEKITS (232)"
"1074","VIBEKITS","VIBEKITS (224-233)","1084","CATALOG2010_233","VIBEKIT (233)"
"1085","MINIVIBES","MINIVIBES (234-240)","1086","CATALOG2010_234","MINIVIBES (234)"
"1085","MINIVIBES","MINIVIBES (234-240)","1087","CATALOG2010_235","MINIVIBES (235)"
"1085","MINIVIBES","MINIVIBES (234-240)","1088","CATALOG2010_236","MINIVIBES (236)"
"1085","MINIVIBES","MINIVIBES (234-240)","1089","CATALOG2010_237","MINIVIBES (237)"
"1085","MINIVIBES","MINIVIBES (234-240)","1090","CATALOG2010_238","MINIVIBES (238)"
"1085","MINIVIBES","MINIVIBES (234-240)","1091","CATALOG2010_239","MINIVIBES (239)"
"1085","MINIVIBES","MINIVIBES (234-240)","1092","CATALOG2010_240","MINIVIBES (240)"
"1096","UNUSUAL","unusual (244-247)","1097","CATALOG2010_244","UNUSUAL (244)"
"1096","UNUSUAL","unusual (244-247)","1098","CATALOG2010_245","UNUSUAL (245)"
"1096","UNUSUAL","unusual (244-247)","1099","CATALOG2010_246","UNUSUAL (246)"
"1096","UNUSUAL","unusual (244-247)","1100","CATALOG2010_247","UNUSUAL (247)"
"1113","BULLETS+EGGS","BULLETS+EGGS (259-263)","1114","CATALOG2010_259","BULLETS+EGGS (259)"
"1113","BULLETS+EGGS","BULLETS+EGGS (259-263)","1115","CATALOG2010_260","BULLETS+EGGS (260)"
"1113","BULLETS+EGGS","BULLETS+EGGS (259-263)","1116","CATALOG2010_261","BULLETS+EGGS (261)"
"1113","BULLETS+EGGS","BULLETS+EGGS (259-263)","1117","CATALOG2010_262","BULLETS+EGGS (262)"
"1113","BULLETS+EGGS","BULLETS+EGGS (259-263)","1118","CATALOG2010_263","BULLETS+EGGS (263)"
"1121","CATBULLETS+EGGS","CATBULLETS+EGGS (266-275)","1122","CATALOG2010_266","CATBULLETS+EGGS (266)"
"1121","CATBULLETS+EGGS","CATBULLETS+EGGS (266-275)","1123","CATALOG2010_267","CATBULLETS+EGGS (267)"
"1121","CATBULLETS+EGGS","CATBULLETS+EGGS (266-275)","1124","CATALOG2010_268","CATBULLETS+EGGS (268)"
"1121","CATBULLETS+EGGS","CATBULLETS+EGGS (266-275)","1125","CATALOG2010_269","CATBULLETS+EGGS (269)"
"1121","CATBULLETS+EGGS","CATBULLETS+EGGS (266-275)","1126","CATALOG2010_270","CATBULLETS+EGGS (270)"
"1121","CATBULLETS+EGGS","CATBULLETS+EGGS (266-275)","1127","CATALOG2010_271","CATBULLETS+EGGS (271)"
"1121","CATBULLETS+EGGS","CATBULLETS+EGGS (266-275)","1128","CATALOG2010_272","CATBULLETS+EGGS (272)"
"1121","CATBULLETS+EGGS","CATBULLETS+EGGS (266-275)","1129","CATALOG2010_273","CATBULLETS+EGGS (273)"
"1121","CATBULLETS+EGGS","CATBULLETS+EGGS (266-275)","1130","CATALOG2010_274","CATBULLETS+EGGS (274)"
"1121","CATBULLETS+EGGS","CATBULLETS+EGGS (266-275)","1131","CATALOG2010_275","CATBULLETS+EGGS (275)"
"1133","BALLS","BALLS (277-278)","1134","CATALOG2010_277","BALLS (277)"
"1133","BALLS","BALLS (277-278)","1135","CATALOG2010_278","BALLS (278)"
"1136","CATSTIMULATORS","CATSTIMULATORS (279-292)","1137","CATALOG2010_279","CATSTIMULATORS (279)"
"1136","CATSTIMULATORS","CATSTIMULATORS (279-292)","1138","CATALOG2010_280","CATSTIMULATORS (280)"
"1136","CATSTIMULATORS","CATSTIMULATORS (279-292)","1139","CATALOG2010_281","CATSTIMULATORS (281)"
"1136","CATSTIMULATORS","CATSTIMULATORS (279-292)","1140","CATALOG2010_282","CATSTIMULATORS (282)"
"1136","CATSTIMULATORS","CATSTIMULATORS (279-292)","1141","CATALOG2010_283","CATSTIMULATORS (283)"
"1136","CATSTIMULATORS","CATSTIMULATORS (279-292)","1142","CATALOG2010_285","CATSTIMULATORS (285)"
"1136","CATSTIMULATORS","CATSTIMULATORS (279-292)","1143","CATALOG2010_286","CATSTIMULATORS (286)"
"1136","CATSTIMULATORS","CATSTIMULATORS (279-292)","1144","CATALOG2010_287","CATSTIMULATORS (287)"
"1136","CATSTIMULATORS","CATSTIMULATORS (279-292)","1145","CATALOG2010_288","CATSTIMULATORS (288)"
"1136","CATSTIMULATORS","CATSTIMULATORS (279-292)","1146","CATALOG2010_289","catstimulators (289)"
"1136","CATSTIMULATORS","CATSTIMULATORS (279-292)","1147","CATALOG2010_290","catstimulators (290)"
"1136","CATSTIMULATORS","CATSTIMULATORS (279-292)","1148","CATALOG2010_291","catstimulators (291)"
"1136","CATSTIMULATORS","CATSTIMULATORS (279-292)","1149","CATALOG2010_292","catstimulators (292)"
"1153","CATCSD","CATCSD (295-302)","1154","CATALOG2010_295","CATCSD (295)"
"1153","CATCSD","CATCSD (295-302)","1155","CATALOG2010_296","CATCSD (296)"
"1153","CATCSD","CATCSD (295-302)","1156","CATALOG2010_297","catcsd (297)"
"1153","CATCSD","CATCSD (295-302)","1157","CATALOG2010_298","catcsd (298)"
"1153","CATCSD","CATCSD (295-302)","1158","CATALOG2010_299","catcsd (299)"
"1153","CATCSD","CATCSD (295-302)","1159","CATALOG2010_300","CATCSD (300)"
"1153","CATCSD","CATCSD (295-302)","1160","CATALOG2010_301","CATCSD (301)"
"1153","CATCSD","CATCSD (295-302)","1161","CATALOG2010_302","CATCSD (302)"
"1162","SILICONECSD","SILICONECSD (303-304)","1163","CATALOG2010_303","SILICONECSD (303)"
"1162","SILICONECSD","SILICONECSD (303-304)","1164","CATALOG2010_304","siliconecsd (304)"
"1165","CLITSTIMDONGS","CLITSTIMDONGS (305-317)","1166","CATALOG2010_305","CLITSTIMDONGS (305)"
"1165","CLITSTIMDONGS","CLITSTIMDONGS (305-317)","1167","CATALOG2010_306","CLITSTIMDONGS (306)"
"1165","CLITSTIMDONGS","CLITSTIMDONGS (305-317)","1168","CATALOG2010_307","clitstimdongs (307)"
"1165","CLITSTIMDONGS","CLITSTIMDONGS (305-317)","1169","CATALOG2010_308","clitstimdogs (308)"
"1165","CLITSTIMDONGS","CLITSTIMDONGS (305-317)","1170","CATALOG2010_309","CLITSTIMDONGS (309)"
"1165","CLITSTIMDONGS","CLITSTIMDONGS (305-317)","1171","CATALOG2010_310","CLITSTIMDONGS (310)"
"1165","CLITSTIMDONGS","CLITSTIMDONGS (305-317)","1172","CATALOG2010_311","CLITSTIMDONGS (311)"
"1165","CLITSTIMDONGS","CLITSTIMDONGS (305-317)","1173","CATALOG2010_312","CLITSTIMDONGS (312)"
"1165","CLITSTIMDONGS","CLITSTIMDONGS (305-317)","1174","CATALOG2010_313","CLITSTIMDONGS (313)"
"1165","CLITSTIMDONGS","CLITSTIMDONGS (305-317)","1175","CATALOG2010_314","CLITSTIMDONGS (314)"
"1165","CLITSTIMDONGS","CLITSTIMDONGS (305-317)","1176","CATALOG2010_315","CLITSTIMDONGS (315)"
"1165","CLITSTIMDONGS","CLITSTIMDONGS (305-317)","1177","CATALOG2010_316","CLITSTIMDONGS (316)"
"1165","CLITSTIMDONGS","CLITSTIMDONGS (305-317)","1178","CATALOG2010_317","CLITSTIMDONGS (317)"
"1180","REALVIBDONGS","REALVIBDONGS (318-322)","1181","CATALOG2010_318","REALVIBDONGS (318)"
"1180","REALVIBDONGS","REALVIBDONGS (318-322)","1182","CATALOG2010_319","REALVIBDONGS (319)"
"1180","REALVIBDONGS","REALVIBDONGS (318-322)","1183","CATALOG2010_320","REALVIBDONGS (320)"
"1180","REALVIBDONGS","REALVIBDONGS (318-322)","1184","CATALOG2010_321","realvibdongs (321)"
"1180","REALVIBDONGS","REALVIBDONGS (318-322)","1185","CATALOG2010_322","REALVIBDONGS (322)"
"1186","VIBDONGS","VIBDONGS (323-330)","1187","CATALOG2010_323","VIBDONGS (323)"
"1186","VIBDONGS","VIBDONGS (323-330)","1189","CATALOG2010_325","VIBDONGS (325)"
"1186","VIBDONGS","VIBDONGS (323-330)","1190","CATALOG2010_326","vibdongs (326)"
"1186","VIBDONGS","VIBDONGS (323-330)","1191","CATALOG2010_327","VIBDONGS (327)"
"1186","VIBDONGS","VIBDONGS (323-330)","1192","CATALOG2010_328","VIBDONGS (328)"
"1186","VIBDONGS","VIBDONGS (323-330)","1193","CATALOG2010_329","VIBDONGS (329)"
"1186","VIBDONGS","VIBDONGS (323-330)","1194","CATALOG2010_330","VIBDONGS (330)"
"1195","VIBJELLYDONGS","VIBJELLYDONGS (331-332)","1196","CATALOG2010_331","VIBJELLYDONGS (331)"
"1195","VIBJELLYDONGS","VIBJELLYDONGS (331-332)","1197","CATALOG2010_332","VIBJELLYDONGS (332)"
"1200","CATDONGS","CATDONGS (335-337)","1201","CATALOG2010_335","CATDONGS (335)"
"1200","CATDONGS","CATDONGS (335-337)","1202","CATALOG2010_336","CATDONGS (336)"
"1200","CATDONGS","CATDONGS (335-337)","1203","CATALOG2010_337","CATDONGS (337)"
"1204","REALDONGS","REALDONGS (338-342)","1205","CATALOG2010_338","REALDONGS (338)"
"1204","REALDONGS","REALDONGS (338-342)","1206","CATALOG2010_339","REALDONGS (339)"
"1204","REALDONGS","REALDONGS (338-342)","1207","CATALOG2010_340","REALDONGS (340)"
"1204","REALDONGS","REALDONGS (338-342)","1208","CATALOG2010_341","REALDONGS (341)"
"1204","REALDONGS","REALDONGS (338-342)","1209","CATALOG2010_342","REALDONGS (342)"
"1222","DOUBLEDONGS","DOUBLEDONGS (354-356)","1223","CATALOG2010_354","DOUBLEDONGS (354)"
"1222","DOUBLEDONGS","DOUBLEDONGS (354-356)","1224","CATALOG2010_355","DOUBLEDONGS (355)"
"1222","DOUBLEDONGS","DOUBLEDONGS (354-356)","1225","CATALOG2010_356","DOUBLEDONGS (356)"
"1228","STRAP-ONS","STRAP-ONS (359-360)","1229","CATALOG2010_359","STRAP-ONS (359)"
"1228","STRAP-ONS","STRAP-ONS (359-360)","1230","CATALOG2010_360","STRAP-ONS (360)"
"1232","STRAP-ONS+HARN","STRAP-ONS+HARN (361-362)","1233","CATALOG2010_361","STRAP-ONS+HARN (361)"
"1232","STRAP-ONS+HARN","STRAP-ONS+HARN (361-362)","1234","CATALOG2010_362","STRAP-ONS+HARN (362)"
"1236","CATSTRAP-ONS","CATSTRAP-ONS (364-367)","1237","CATALOG2010_364","CATSTRAP-ONS (364)"
"1236","CATSTRAP-ONS","CATSTRAP-ONS (364-367)","1238","CATALOG2010_365","CATSTRAP-ONS (365)"
"1236","CATSTRAP-ONS","CATSTRAP-ONS (364-367)","1239","CATALOG2010_366","CATSTRAP-ONS (366)"
"1236","CATSTRAP-ONS","CATSTRAP-ONS (364-367)","1240","CATALOG2010_367","CATSTRAP-ONS (367)"
"1242","PLUGS+PROBES","PLUGS+PROBES (369-370)","1243","CATALOG2010_369","PLUGS+PROBES (369)"
"1242","PLUGS+PROBES","PLUGS+PROBES (369-370)","1244","CATALOG2010_370","PLUGS+PROBES (370)"
"1246","P+P","P+P (372-376)","1247","CATALOG2010_372","P+P (372)"
"1246","P+P","P+P (372-376)","1248","CATALOG2010_373","P+P (373)"
"1246","P+P","P+P (372-376)","1249","CATALOG2010_374","P+P (374)"
"1246","P+P","P+P (372-376)","1250","CATALOG2010_375","P+P (375)"
"1246","P+P","P+P (372-376)","1251","CATALOG2010_376","P+P (376)"
"1253","VIBP+P","VIBP+P (377-378)","1254","CATALOG2010_377","VIBP+P (377)"
"1253","VIBP+P","VIBP+P (377-378)","1255","CATALOG2010_378","VIBP+P (378)"
"1258","VIBPP","VIBPP (380-381)","1259","CATALOG2010_380","VIBPP (380)"
"1258","VIBPP","VIBPP (380-381)","1260","CATALOG2010_381","VIBPP (381)"
"1265","COCKRINGS","COCKRINGS (386-389)","1266","CATALOG2010_386","COCKRINGS (386)"
"1265","COCKRINGS","COCKRINGS (386-389)","1267","CATALOG2010_387","cockrings (387)"
"1265","COCKRINGS","COCKRINGS (386-389)","1268","CATALOG2010_388","COCKRINGS (388)"
"1265","COCKRINGS","COCKRINGS (386-389)","1269","CATALOG2010_389","COCKRINGS (389)"
"1274","COCKRINGS+CAGES","COCKRINGS+CAGES (394-395)","1275","CATALOG2010_394","COCKRINGS+CAGES (394)"
"1274","COCKRINGS+CAGES","COCKRINGS+CAGES (394-395)","1276","CATALOG2010_395","COCKRINGS+CAGES (395)"
"1277","VIBCOCKRINGS","VIBCOCKRINGS (396-397)","1278","CATALOG2010_396","VIBCOCKRINGS (396)"
"1277","VIBCOCKRINGS","VIBCOCKRINGS (396-397)","1279","CATALOG2010_397","VIBCOCKRINGS (397)"
"1281","SCREAMINGO","SCREAMINGO (399-400)","1282","CATALOG2010_399","SCREAMINGO (399)"
"1281","SCREAMINGO","SCREAMINGO (399-400)","1283","CATALOG2010_400","SCREAMINGO (400)"
"1284","VIBRCOCKRINGS","VIBRCOCKRINGS (401-410)","1285","CATALOG2010_401","VIBRCOCKRINGS (401)"
"1284","VIBRCOCKRINGS","VIBRCOCKRINGS (401-410)","1286","CATALOG2010_402","VIBRCOCKRINGS (402)"
"1284","VIBRCOCKRINGS","VIBRCOCKRINGS (401-410)","1287","CATALOG2010_403","VIBRCOCKRINGS (403)"
"1284","VIBRCOCKRINGS","VIBRCOCKRINGS (401-410)","1288","CATALOG2010_404","VIBRCOCKRING (404)"
"1284","VIBRCOCKRINGS","VIBRCOCKRINGS (401-410)","1289","CATALOG2010_405","VIBRCOCKRINGS (405)"
"1284","VIBRCOCKRINGS","VIBRCOCKRINGS (401-410)","1290","CATALOG2010_406","VIBRCOCKRINGS (406)"
"1284","VIBRCOCKRINGS","VIBRCOCKRINGS (401-410)","1291","CATALOG2010_407","VIBRCOCKRINGS (407)"
"1284","VIBRCOCKRINGS","VIBRCOCKRINGS (401-410)","1292","CATALOG2010_408","VIBRCOCKRINGS (408)"
"1284","VIBRCOCKRINGS","VIBRCOCKRINGS (401-410)","1293","CATALOG2010_409","VIBRCOCKRING (409)"
"1284","VIBRCOCKRINGS","VIBRCOCKRINGS (401-410)","1294","CATALOG2010_410","VIBRCOCKRINGS (410)"
"1296","SLEEVES+EXT","SLEEVES+EXT (412-414)","1297","CATALOG2010_412","SLEEVES+EXT (412)"
"1296","SLEEVES+EXT","SLEEVES+EXT (412-414)","1298","CATALOG2010_413","SLEEVES+EXT (413)"
"1296","SLEEVES+EXT","SLEEVES+EXT (412-414)","1299","CATALOG2010_414","SLEEVES+EXT (414)"
"1300","EXTENSIONS","EXTENSIONS (415-416)","1301","CATALOG2010_415","EXTENSIONS (415)"
"1300","EXTENSIONS","EXTENSIONS (415-416)","1302","CATALOG2010_416","EXTENSIONS (416)"
"1305","CATPUMPS","CATPUMPS (419-424)","1306","CATALOG2010_419","CATPUMPS (419)"
"1305","CATPUMPS","CATPUMPS (419-424)","1307","CATALOG2010_420","CATPUMPS (420)"
"1305","CATPUMPS","CATPUMPS (419-424)","1308","CATALOG2010_421","CATPUMPS (421)"
"1305","CATPUMPS","CATPUMPS (419-424)","1309","CATALOG2010_422","CATPUMPS (422)"
"1305","CATPUMPS","CATPUMPS (419-424)","1310","CATALOG2010_423","CATPUMPS (423)"
"1305","CATPUMPS","CATPUMPS (419-424)","1311","CATALOG2010_424","CATPUMPS (424)"
"1316","CATPOCKETPALS","CATPOCKETPALS (428-429)","1317","CATALOG2010_428","CATPOCKETPALS (428)"
"1316","CATPOCKETPALS","CATPOCKETPALS (428-429)","1318","CATALOG2010_429","CATPOCKETPALS (429)"
"1320","STROKERS+P","STROKERS+P (431-432)","1321","CATALOG2010_431","STROKERS+P (431)"
"1320","STROKERS+P","STROKERS+P (431-432)","1322","CATALOG2010_432","STROKERS+P (432)"
"1326","STROKERS+PAL","STROKERS+PAL (436-438)","1327","CATALOG2010_436","STROKERS+PAL (436)"
"1326","STROKERS+PAL","STROKERS+PAL (436-438)","1328","CATALOG2010_437","STROKERS+PAL (437)"
"1326","STROKERS+PAL","STROKERS+PAL (436-438)","1329","CATALOG2010_438","STROKERS+PAL (438)"
"1335","CATVAGINAS","CATVAGINAS (443-444)","1336","CATALOG2010_443","CATVAGINAS (443)"
"1335","CATVAGINAS","CATVAGINAS (443-444)","1337","CATALOG2010_444","CATVAGINAS (444)"
"1339","VAG","VAG (446-447)","1340","CATALOG2010_446","VAG (446)"
"1339","VAG","VAG (446-447)","1341","CATALOG2010_447","VAG (447)"
"1344","CATLOVEDOLLS","CATLOVEDOLLS (450-451)","1346","CATALOG2010_451","CATLOVEDOLLS (451)"
"1347","DOLLS","DOLLS (452-453)","1348","CATALOG2010_452","DOLLS (452)"
"1347","DOLLS","DOLLS (452-453)","1349","CATALOG2010_453","DOLLS (453)"
"53","LUBRICANTS","Lubricants","1355","LUBRICANTS_HYBRID","Hybrid"
"1344","CATLOVEDOLLS","CATLOVEDOLLS (450-451)","1356","CATALOG2010_450","Cat Love Dolls (450)"
"53","LUBRICANTS","Lubricants","1448","LUBRICANTS_COOLING","Cooling Lubricants"
"39","BEDBATH","Bed and Bath","1518","BEDBATH_SHAMPOO","Shampoo/Conditoner"
"2150","HOLIDAY2011","Holiday Catalog 2011","2151","HOLIDAY2011_2","Happy(2)"
"2150","HOLIDAY2011","Holiday Catalog 2011","2152","HOLIDAY2011_3","Lingerie (3)"
"2150","HOLIDAY2011","Holiday Catalog 2011","2153","HOLIDAY2011_4","Stocking Stuffers (4)"
"2150","HOLIDAY2011","Holiday Catalog 2011","2154","HOLIDAY2011_5","Edibles & More (5)"
"2150","HOLIDAY2011","Holiday Catalog 2011","2155","HOLIDAY2011_6","Classic Erotica (6)"
"2150","HOLIDAY2011","Holiday Catalog 2011","2156","HOLIDAY2011_7","LELO (7)"
"2150","HOLIDAY2011","Holiday Catalog 2011","2157","HOLIDAY2011 _8","KAMA SUTRA (8)"
"2150","HOLIDAY2011","Holiday Catalog 2011","2158","HOLIDAY2011_9","Novelties & More"
"2150","HOLIDAY2011","Holiday Catalog 2011","2159","HOLIDAY2011_10","Gift Bags & More"
"2150","HOLIDAY2011","Holiday Catalog 2011","2160","HOLIDAY2011_11","Earthly Body & More"
"2150","HOLIDAY2011","Holiday Catalog 2011","2161","HOLIDAY2011_12","Icon Brands"
"1","ROOT","Root Category","2215","BATHBODY","Bath, Body Lotions, Spray"
"2215","BATHBODY","Bath, Body Lotions, Spray","2216","BATHBODY_AVELLI","Avelli"
"2215","BATHBODY","Bath, Body Lotions, Spray","2219","BATHBODY_BATH","Bath"
"2215","BATHBODY","Bath, Body Lotions, Spray","2220","BATHBODY_KAMASUTRA","Kama Sutra"
"2215","BATHBODY","Bath, Body Lotions, Spray","2221","BATHBODY_BODY","Body"
"2215","BATHBODY","Bath, Body Lotions, Spray","2222","BATHBODY_CANDLES","Candles"
"2215","BATHBODY","Bath, Body Lotions, Spray","2223","BATHBODY_MASSAGE","Massage"
"2215","BATHBODY","Bath, Body Lotions, Spray","2224","BATHBODY_ROMANCE","Romance"
"2215","BATHBODY","Bath, Body Lotions, Spray","2225","BATHBODY_DONA","Dona"
"1","ROOT","Root Category","2226","LUBES","Lubricants"
"2226","LUBES","Lubricants","2227","LUBES_WET","Wet"
"2226","LUBES","Lubricants","2228","LUBES_ID","ID Lubricants"
"2226","LUBES","Lubricants","2229","LUBES_JO","System JO"
"2226","LUBES","Lubricants","2230","LUBES_GUNOIL","Gun Oil"
"2226","LUBES","Lubricants","2231","LUBES_PINK","Pink"
"2226","LUBES","Lubricants","2232","LUBES_SWISS","Swiss Navy"
"2226","LUBES","Lubricants","2233","LUBES_SLIQUID","Sliquid"
"2226","LUBES","Lubricants","2234","LUBES_ASTROGLIDE","Astroglide"
"2226","LUBES","Lubricants","2235","LUBES_PJUR","Pjur"
"2226","LUBES","Lubricants","2236","LUBES_ELBOW","Elbow Grease"
"2226","LUBES","Lubricants","2237","LUBES_ENCOUNTER","Encounter"
"2226","LUBES","Lubricants","2238","LUBES_IO","Intimate Organics"
"2226","LUBES","Lubricants","2239","LUBES_KY","KY"
"2226","LUBES","Lubricants","2240","LUBES_MOIST","Moist"
"2226","LUBES","Lubricants","2241","LUBES_FOREPLAY","Foreplay"
"2226","LUBES","Lubricants","2242","LUBES_MEGASOL","Megasol"
"2226","LUBES","Lubricants","2243","LUBES_BA","Body Action"
"2226","LUBES","Lubricants","2244","LUBES_FLAVOR","Flavored Lubes"
"2226","LUBES","Lubricants","2245","LUBES_WARMCOOL","Warming, Cooling & Tingling"
"2226","LUBES","Lubricants","2246","LUBES_ANAL","Anal"
"2226","LUBES","Lubricants","2247","LUBES_ASSORTED","Assorted Lubricant"
"1","ROOT","Root Category","2248","ENHANCERS","Enhancers"
"2248","ENHANCERS","Enhancers","2249","ENHANCERS_MEN","Enhancers for Men"
"2248","ENHANCERS","Enhancers","2250","ENHANCERS_WOMEN","Enhancers for Women"
"2248","ENHANCERS","Enhancers","2251","ENHANCERS_ASSORTED","Assorted Enhancers"
"1","ROOT","Root Category","2252","CONDOMSNEW","Condoms"
"2252","CONDOMSNEW","Condoms","2256","CONDOMSNEW_TROJAN","Trojan"
"2252","CONDOMSNEW","Condoms","2257","CONDOMSNEW_DUREX","Durex"
"2252","CONDOMSNEW","Condoms","2258","CONDOMSNEW_ASSORTED","Assorted Condoms"
"2252","CONDOMSNEW","Condoms","2259","CONDOMSNEW_NOVELTY","Novelty Condoms"
"1","ROOT","Root Category","2260","GAMESBOOKS","Games, Books and DVDs"
"2260","GAMESBOOKS","Games, Books and DVDs","2261","GAMESBOOKS_BOARD","Board Games"
"2260","GAMESBOOKS","Games, Books and DVDs","2262","GAMESBOOKS_CARD","Card Games"
"2260","GAMESBOOKS","Games, Books and DVDs","2263","GAMESBOOKS_DICE","Dice Games"
"2260","GAMESBOOKS","Games, Books and DVDs","2264","GAMESBOOKS_COUPLES","Couples"
"2260","GAMESBOOKS","Games, Books and DVDs","2265","GAMESBOOKS_COUPONS","Coupons & Vouchers"
"2260","GAMESBOOKS","Games, Books and DVDs","2266","GAMESBOOKS_DRINK","Drinkings Games"
"2260","GAMESBOOKS","Games, Books and DVDs","2267","GAMESBOOKS_PARTY","Party"
"2260","GAMESBOOKS","Games, Books and DVDs","2268","GAMESBOOKS_BOOKS","Books"
"2260","GAMESBOOKS","Games, Books and DVDs","2270","GAMESBOOKS_DVD","DVDs"
"1","ROOT","Root Category","2300","NOVELTIESNEW","Novelties"
"2300","NOVELTIESNEW","Novelties","2302","NOVELTIESNEW_CARDSBAGS","Greeting Cards & Gift Bags"
"2300","NOVELTIESNEW","Novelties","2304","NOVELTIESNEW_BUTTONS","Buttons & Keychains"
"2300","NOVELTIESNEW","Novelties","2306","NOVELTIESNEW_MATCHES","Matches & Lighters"
"2300","NOVELTIESNEW","Novelties","2307","NOVELTIESNEW_CANDLES","Incense & Candles"
"2300","NOVELTIESNEW","Novelties","2308","NOVELTIESNEW_EDIBLE","Edible"
"2300","NOVELTIESNEW","Novelties","2309","NOVELTIESNEW_KITCHEN","Kitchen & Barware"
"2300","NOVELTIESNEW","Novelties","2311","NOVELTIESNEW_OFFICE","Office Supplies"
"2300","NOVELTIESNEW","Novelties","2313","NOVELTIESNEW_GIFTS","Toys, Gags & Gifts"
"2300","NOVELTIESNEW","Novelties","2314","NOVELTIESNEW_PRIDE","Pride"
"2300","NOVELTIESNEW","Novelties","2316","NOVELTIESNEW_TOWELS","Towels With Attitude"
"1","ROOT","Root Category","2317","BACHPARTY","Bachelorette and Party Accessories"
"2317","BACHPARTY","Bachelorette and Party Accessories","2319","BACHPARTY_WEAR","Bachelorette Wear"
"2317","BACHPARTY","Bachelorette and Party Accessories","2320","BACHPARTY_PARTY","Bachelorette Party"
"2317","BACHPARTY","Bachelorette and Party Accessories","2321","BACHPARTY_GAMES","Bachelorette Games"
"2317","BACHPARTY","Bachelorette and Party Accessories","2322","BACHPARTY_DIVORCED","Divorced Diva"
"2317","BACHPARTY","Bachelorette and Party Accessories","2323","BACHPARTY_BACHELOR","Bachelor"
"1","ROOT","Root Category","2340","LINGERIECLOTHING","Lingerie and Clothing"
"2340","LINGERIECLOTHING","Lingerie and Clothing","2341","LINGERIECLOTHING_NOVELTY","Novelty Wear"
"2340","LINGERIECLOTHING","Lingerie and Clothing","2342","LINGERIECLOTHING_RENEROFE","Rene Rofe"
"2340","LINGERIECLOTHING","Lingerie and Clothing","2343","LINGERIECLOTHING_LINGERIE","Lingerie"
"2340","LINGERIECLOTHING","Lingerie and Clothing","2344","LINGERIECLOTHING_FETISH","Fetish Wear"
"2340","LINGERIECLOTHING","Lingerie and Clothing","2345","LINGERIECLOTHING_PANTIES","Panties, Pasties & Accessories"
"2340","LINGERIECLOTHING","Lingerie and Clothing","2346","LINGERIECLOTHING_COSTUMES","Costumes"
"2340","LINGERIECLOTHING","Lingerie and Clothing","2347","LINGERIECLOTHING_JUSTUS","Justus"
"2340","LINGERIECLOTHING","Lingerie and Clothing","2349","LINGERIECLOTHING_GOODDEVIL","Good Devil"
"2340","LINGERIECLOTHING","Lingerie and Clothing","2350","LINGERIECLOTHING_MALEPOWER","Male Power"
"2340","LINGERIECLOTHING","Lingerie and Clothing","2351","LINGERIECLOTHING_ACTIVEMAN","Active Man"
"2340","LINGERIECLOTHING","Lingerie and Clothing","2352","LINGERIECLOTHING_MEN","Men's Wear"
"1","ROOT","Root Category","2353","POLES","Poles, Swings and Things"
"2353","POLES","Poles, Swings and Things","2355","POLES_POLES","Poles"
"2353","POLES","Poles, Swings and Things","2356","POLES_SWINGS","Swings & Things"
"1","ROOT","Root Category","2359","BDSM","BDSM Kits"
"2359","BDSM","BDSM Kits","2361","BDSM_RESTRAINT","Restraints & Ball Gags"
"2359","BDSM","BDSM Kits","2363","BDSM_BLINDFOLD","Blindfolds, Masks & Collars"
"2359","BDSM","BDSM Kits","2364","BDSM_CROPS","Crops, Paddles & Whips"
"2359","BDSM","BDSM Kits","2365","BDSM_COCKCAGES","Cock Cages"
"2359","BDSM","BDSM Kits","2366","BDSM_ASSORTED","Assorted BDSM & Fetish"
"1","ROOT","Root Category","2368","BATTCLEAN","Toy Cleaners and Batteries"
"2368","BATTCLEAN","Toy Cleaners and Batteries","2369","BATTCLEAN_CLEAN","Toy Cleaners"
"2368","BATTCLEAN","Toy Cleaners and Batteries","2372","BATTCLEAN_BATTERIES","Batteries"
"1","ROOT","Root Category","2374","KEGALBALL","Kegels and Balls"
"1","ROOT","Root Category","2375","BULLETEGG","Bullets and Eggs"
"1","ROOT","Root Category","2377","VIBES","Vibrators and Massagers"
"2377","VIBES","Vibrators and Massagers","2378","VIBES_LUXURY","Luxury Vibrators"
"2377","VIBES","Vibrators and Massagers","2380","VIBES_BLUSH","Blush"
"2377","VIBES","Vibrators and Massagers","2381","VIBES_STRAIGHT","Straight Vibrators"
"2377","VIBES","Vibrators and Massagers","2382","VIBES_CLIT","Clit Stimulating Vibrators"
"2377","VIBES","Vibrators and Massagers","2384","VIBES_GSPOT","G-Spot Vibrators"
"2377","VIBES","Vibrators and Massagers","2385","VIBES_BEND","Bendable Vibrators"
"2377","VIBES","Vibrators and Massagers","2386","VIBES_FINGERORAL","Finger & Oral Vibrators"
"2377","VIBES","Vibrators and Massagers","2389","VIBES_MINI","Mini Vibrators"
"2377","VIBES","Vibrators and Massagers","2390","VIBES_ASSORTED","Assorted Vibrators"
"2377","VIBES","Vibrators and Massagers","2392","VIBES_MASSAGERS","Massagers"
"1","ROOT","Root Category","2393","DONGSDILDOS","Dongs and Dildos"
"2393","DONGSDILDOS","Dongs and Dildos","2395","DONGSDILDOS_ICICLES","Icicles"
"2393","DONGSDILDOS","Dongs and Dildos","2396","DONGSDILDOS_GLASS","Glass"
"2393","DONGSDILDOS","Dongs and Dildos","2397","DONGSDILDOS_REALISTIC","Realistic"
"2393","DONGSDILDOS","Dongs and Dildos","2398","DONGSDILDOS_PORN","Porn Star"
"2393","DONGSDILDOS","Dongs and Dildos","2399","DONGSDILDOS_DOUBLE","Double Dongs"
"2393","DONGSDILDOS","Dongs and Dildos","2400","DONGSDILDOS_ASSORTED","Assorted Dongs & Dildos"
"1","ROOT","Root Category","2401","HARNESSES","Harnesses and Strap Ons"
"2401","HARNESSES","Harnesses and Strap Ons","2402","HARNESSES_HARNESSES","Harnesses"
"2401","HARNESSES","Harnesses and Strap Ons","2403","HARNESSES_VACULOCK","Vac-U-Lock"
"2401","HARNESSES","Harnesses and Strap Ons","2404","HARNESSES_STRAPON","Strap Ons"
"1","ROOT","Root Category","2405","COCKRINGSNEW","Cockrings"
"1","ROOT","Root Category","2406","ANALNEW","Anal"
"2406","ANALNEW","Anal","2407","ANALNEW_PLUGS","Plugs & Probes"
"2406","ANALNEW","Anal","2408","ANALNEW_PROSTATE","Prostate Massage"
"2406","ANALNEW","Anal","2409","ANALNEW_BEADS","Beads"
"2406","ANALNEW","Anal","2410","ANALNEW_ASSORTED","Assorted Anal"
"1","ROOT","Root Category","2411","SLEEVES","Sleeves and Extensions"
"1","ROOT","Root Category","2412","PUMPSNEW","Pumps"
"2412","PUMPSNEW","Pumps","2413","PUMPSNEW_MEN","Pumps For Men"
"2412","PUMPSNEW","Pumps","2414","PUMPSNEW_WOMEN","Pumps For Women"
"1","ROOT","Root Category","2419","MASTURBATOR","Masturbators and Dolls"
"2419","MASTURBATOR","Masturbators and Dolls","2420","MASTURBATOR_PORN","Porn Stars"
"2419","MASTURBATOR","Masturbators and Dolls","2422","MASTURBATOR_POCKET","Pocket Masturbators"
"2419","MASTURBATOR","Masturbators and Dolls","2423","MASTURBATOR_MOLD","Body Mold Masturbators"
"2419","MASTURBATOR","Masturbators and Dolls","2424","MASTURBATOR_DOLLS","Dolls"
"2377","VIBES","Vibrators and Massagers","2473","VIBES_EVOLVED","Evolved"
"2359","BDSM","BDSM Kits","2811","BDSM_ELECTRO","ElectroStim"
"2856","FEATURED","August 2012 Featured Items","2858","BUILT IN THE USA 2012-05","Doc Johnson Built in the USA Promotion"
"2856","FEATURED","August 2012 Featured Items","2859","ID SALE 2012-05","ID Lubricants"
"2856","FEATURED","August 2012 Featured Items","2860","SHADES OF GREY 2012-05","Fifty Shades of Grey"
"2856","FEATURED","August 2012 Featured Items","2861","JUSTUS PROMO","Justus Boyz"
"2856","FEATURED","August 2012 Featured Items","2863","SM FEATURE","Sex and Mischief"
"2856","FEATURED","August 2012 Featured Items","2864","KL FEATURE","KinkLab"
"2856","FEATURED","August 2012 Featured Items","2865","XRBRANDS","XR Brands"
"2856","FEATURED","August 2012 Featured Items","2866","PIPEDREAM","Pipedream Bachelorette Sale"
"2856","FEATURED","August 2012 Featured Items","2868","TOPCO CYBERSKIN","Topco Powdered Cyberskin"
"2856","FEATURED","August 2012 Featured Items","2870","M.D SCIENCE LAB","M.D. Science Lab"
"2856","FEATURED","August 2012 Featured Items","2876","CLASSIC EROTICA","Classic Erotica Crazy Girl and Max 4 Men"
"2856","FEATURED","August 2012 Featured Items","2877","NS NOVELTIES","NS Novelties"
"2856","FEATURED","August 2012 Featured Items","2878","SCREAMING O","Screaming O"
"2856","FEATURED","August 2012 Featured Items","2885","FEATURED_CALEX","California Exotic Hot Toys for Summer"
"2226","LUBES","Lubricants","2935","LUBES_SILICONE","Lubricants - Silicone"
"2226","LUBES","Lubricants","2936","LUBES_WATERBASED","Lubricants - Water Based"
"2226","LUBES","Lubricants","2937","LUBES_CREAM","Lubricants - Cream"
"67","VIBRATORS","Vibrators","2938","VIBRATORS_JELLY","Jelly"
"44","DONGS","Dongs","2939","DONGS_SILICONE","Silicone"
"2340","LINGERIECLOTHING","Lingerie and Clothing","2940","LINGERIECLOTHING_MAGICSILK","Magic Silk"
"2377","VIBES","Vibrators and Massagers","2941","VIBES_SILICONE","Silicone"
"2377","VIBES","Vibrators and Massagers","2942","VIBES_JELLY","Jelly"
"1","ROOT","Root Category","3010","ST_VALENTINESDAY","Valentine's Day"
"2215","BATHBODY","Bath, Body Lotions, Spray","3014","BATHBODY_KITS","Kits"
"2377","VIBES","Vibrators and Massagers","3015","VIBES_FIRSTTIME","First Time"
"2377","VIBES","Vibrators and Massagers","3016","VIBES_POSH","Posh"
"2377","VIBES","Vibrators and Massagers","3017","VIBES_LELO","Lelo"
"2377","VIBES","Vibrators and Massagers","3018","VIBES_KEYJOPEN","Key by Jopen"
"2406","ANALNEW","Anal","3782","ANALNEW_PLUGVIBR","Anal Plugs & Probes - Vibrating"
"2406","ANALNEW","Anal","3784","ANALNEW_DOUCHE","Anal Douches, Enemas, Etc."
"2406","ANALNEW","Anal","3785","ANALNEW_INFLATE","Anal Inflatables"
"2406","ANALNEW","Anal","3786","ANALNEW_LUBE","Anal Lubricants"
"2377","VIBES","Vibrators and Massagers","3787","VIBES_KITS","Vibrator Kits"
"2377","VIBES","Vibrators and Massagers","3788","VIBES_PHALLIC","Phallic Shaped Vibrators"
"2377","VIBES","Vibrators and Massagers","3789","VIBES_DISPLAYS","Vibrator Displays"
"2377","VIBES","Vibrators and Massagers","3790","VIBES_BUTTERFLY","Butterfly and Wearable Vibrators"
"2377","VIBES","Vibrators and Massagers","3791","VIBES_CANDG","Vibes That Stimulate both the Clitoris and the G-Spot"
"2215","BATHBODY","Bath, Body Lotions, Spray","3792","BATHBODY_SHAVE","Shaving Cream, Shavers & After Shave"
"2215","BATHBODY","Bath, Body Lotions, Spray","3793","BATHBODY_INCENSE","Incense"
"2215","BATHBODY","Bath, Body Lotions, Spray","3794","BATHBODY_DOUCHES","Douches, Enemas, Etc."
"2215","BATHBODY","Bath, Body Lotions, Spray","3795","BATHBODY_TOWEL","Bed Towels"
"2226","LUBES","Lubricants","3810","LUBES_HYBRID","Lubricants - Hybrid"
"2226","LUBES","Lubricants","3811","LUBES_NATURAL","Lubricants - Natural, Organic or Pure"
"2226","LUBES","Lubricants","3812","LUBES_KITS","Lubricants - Kits and Assortments"
"2226","LUBES","Lubricants","3813","LUBES_DISPLAYS","Lubricants - Displays"
"2226","LUBES","Lubricants","3814","LUBES_COUPLES","Lubricants - Couples"
"1","ROOT","Root Category","3815","BULK","Bulk Items - Not in Retail Packaging"
"54","MASSAGE","Massage Products","3816","MASSAGE_CANDLES","Massage Candles"
"54","MASSAGE","Massage Products","3817","MASSAGE_WANDS","Wand Massagers"
"2215","BATHBODY","Bath, Body Lotions, Spray","3916","BATHBODY_BODYPAINT","Body Paints"
